,MRIPDFF,rf,env,log,den,phase,phase2,rf,env,log,den,phase,phase2,,,,,,,,,,,,,,,,,,,,,,,
0,25.879999,3.363550876,4.931946845,6.789309745,6.298760942,3.467743888,4.984129303,25.879999,3.114476484,4.290064788,6.779702655,6.199354913,3.46451043,25.879999,3.114476484,4.290064788,6.779702655,6.199354913,3.46451043,1,,,,,,,,,,,,,,,,
1,25.879999,3.369060217,4.919201208,6.783162668,6.274801985,3.469138961,4.865479764,,,,,,,3.8800001,2.736269742,3.404497897,6.806230976,6.139375022,3.433883537,2,,,,,,,,,,,,,,,,
2,25.879999,3.275180503,4.796048432,6.717629679,6.224825391,3.471561611,5.096256269,,,,,,,14.53,3.000869574,4.295253638,6.791972466,6.225173402,3.455696825,3,,,,,,,,,,,,,,,,
3,25.879999,2.952464332,3.972660674,6.780775635,6.127811361,3.447875069,5.003728722,,,,,,,1.3,2.56693613,3.501363234,6.414879769,5.808838577,3.191106931,4,,,,,,,,,,,,,,,,
4,25.879999,2.874128272,3.585161304,6.790459488,6.121382071,3.467739455,4.947463979,,,,,,,3.6800001,2.637746331,3.620071251,6.631639357,6.01451007,3.380465365,5,,,,,,,,,,,,,,,,
5,25.879999,2.852474703,3.535370266,6.816878712,6.148547731,3.463003598,4.932929495,,,,,,,1.25,2.671368252,3.640279706,6.754011398,6.040158288,3.41745432,6,,,,,,,,,,,,,,,,
6,3.8800001,3.022328453,3.86369744,6.689098181,6.179501601,3.471526989,4.98876935,3.8800001,2.736269742,3.404497897,6.806230976,6.139375022,3.433883537,13.65,2.415140691,2.945810864,6.767460517,6.019209327,3.387524314,7,,,,,,,,,,,,,,,,
7,3.8800001,2.712560291,3.338005162,6.649455236,6.041396262,3.471650461,5.008333466,,,,,,,24.450001,3.140114835,4.111202469,6.881185929,6.348681554,3.454056358,8,,,,,,,,,,,,,,,,
8,3.8800001,3.136703937,3.98742994,6.784631438,6.258399955,3.468375644,5.027104834,,,,,,,12.13,3.070593606,4.096281426,6.886799185,6.303603265,3.047361466,9,,,,,,,,,,,,,,,,
9,3.8800001,3.130106624,4.450916352,6.748696657,6.233351877,3.467719803,4.9920953,,,,,,,3.25,2.775497099,3.689929738,6.771701242,6.147728034,3.432302939,10,,,,,,,,,,,,,,,,
10,3.8800001,2.427416447,2.789406771,6.924730588,6.088119648,3.385822506,4.967174518,,,,,,,27.65,3.197251547,4.603552847,6.878219054,6.345633603,3.463329291,11,,,,,,,,,,,,,,,,
11,3.8800001,2.418585401,2.777463884,6.933653691,6.106820667,3.374497482,4.938440511,,,,,,,4.8000002,2.643170006,3.475396233,6.710219171,6.064119814,3.434421146,12,,,,,,,,,,,,,,,,
12,3.8800001,2.306187043,2.62456573,6.913351041,6.068035144,3.397591873,4.881766204,,,,,,,14.13,3.311807957,4.672786812,6.949011998,6.475037632,3.462460958,13,,,,,,,,,,,,,,,,
13,14.53,3.261611356,4.9070018,6.716667278,6.236193352,3.469295258,4.946304862,14.53,3.000869574,4.295253638,6.791972466,6.225173402,3.455696825,33.450001,3.570167095,5.191086159,6.949764926,6.532989176,3.46146328,14,,,,,,,,,,,,,,,,
14,14.53,3.371749999,5.09722657,6.728569553,6.278479934,3.469200346,4.985348463,,,,,,,19.15,3.056889981,4.187665772,6.859044557,6.284991125,3.463235567,15,,,,,,,,,,,,,,,,
15,14.53,3.274559875,4.959356813,6.708816956,6.251298537,3.469113744,4.933886253,,,,,,,19.93,3.23000761,4.380289776,6.833467665,6.281943929,3.469892854,16,,,,,,,,,,,,,,,,
16,14.53,2.681987331,3.504242442,6.862223583,6.16026986,3.443306688,4.935519651,,,,,,,42.880001,3.426126016,4.711123663,6.901747945,6.439886369,3.469102091,17,,,,,,,,,,,,,,,,
17,14.53,2.767583816,3.745210811,6.869683528,6.314818674,3.433740802,4.944892313,,,,,,,13.73,3.093137817,4.273806111,6.860581209,6.294396976,3.140902241,18,,,,,,,,,,,,,,,,
18,14.53,2.647725069,3.558483392,6.865873899,6.109980057,3.449524112,4.983111059,,,,,,,26.68,2.746680074,3.745589902,6.83034496,6.171524042,3.466769565,19,,,,,,,,,,,,,,,,
19,1.3,3.618167614,5.525328133,6.835964178,6.488052203,3.468305405,4.917605728,1.3,2.56693613,3.501363234,6.414879769,5.808838577,3.191106931,2.45,2.827633248,3.733291183,6.77743713,6.202981127,3.414527486,20,,,,,,,,,,0.673646792,,,,,,
20,1.3,3.621569368,5.53310169,6.789257433,6.438412301,3.464516359,4.927965801,,,,,,,3.2,2.100824355,2.525550373,6.610139516,5.814784286,3.329394498,21,,,,,,,,,,,,,,,,
21,1.3,2.653713514,3.417695338,6.292688895,5.845349532,3.464926866,4.949571313,,,,,,,3.8499999,2.671349074,3.386696133,6.732381748,6.039295104,3.428133434,22,,,,,,,,,,,,,,,,
22,1.3,1.911593686,2.267588982,6.273669516,5.500045798,3.056091793,4.974744999,,,,,,,4.8000002,2.823935959,3.601111425,6.844376945,6.20416293,3.447105423,23,,,,,,,,,,,,,,,,
23,1.3,1.814823464,2.140217532,6.170219457,5.326161571,2.919349842,5.012391979,,,,,,,31.799999,2.818910937,3.47821387,6.830859345,6.131220464,3.466831832,24,,,,,,,,,,,,,,,,
24,1.3,1.781749135,2.124247731,6.127479138,5.255010057,2.773451318,4.942614823,,,,,,,8.6499996,3.183991734,4.232237334,6.803846701,6.232007837,3.455706721,25,,,,,,,,,,,,,,,,
25,3.6800001,3.057477664,4.505960764,6.711814351,6.210362457,3.469621625,4.918188941,3.6800001,2.637746331,3.620071251,6.631639357,6.01451007,3.380465365,23.129999,3.416897642,4.817259058,6.971421175,6.460004416,3.463570115,26,,,,,,,,,,,,,,,,
26,3.6800001,3.166717418,4.795418476,6.737646831,6.27572608,3.46488541,5.022904426,,,,,,,3.3,2.42209814,2.936162469,6.71452346,5.932251295,3.290725829,27,,,,,,,,,,,,,,,,
27,3.6800001,2.969496402,4.386228997,6.674722032,6.120177668,3.469701153,4.986671323,,,,,,,13.25,2.808461622,3.456568029,6.723044548,6.057546853,3.448823083,28,,,,,,,,,,,0.674,,,,,
28,3.6800001,3.147620021,4.483672197,6.708131874,6.291073015,3.465394364,4.924025222,,,,,,,4.8800001,2.930879983,3.926232188,6.829625016,6.234356804,3.448606853,29,,,,,,,,,,,0.645,,,,,
29,3.6800001,2.00031344,2.326786785,6.521871819,5.720299528,3.261952756,4.992160131,,,,,,,17.58,3.254963383,4.329453237,6.90236019,6.398022665,3.460998331,30,,,,,,,,,,,0.617,,,,,
30,3.6800001,2.052214504,2.409756048,6.405270578,5.633700578,3.178189789,4.961222021,,,,,,,3.6500001,2.19940504,2.785822953,6.619080393,5.832179831,3.083017725,31,,,,,,,,,,,0.658,,,,,
31,3.6800001,2.070384865,2.432675491,6.662018016,5.850231167,3.353512459,5.014391851,,,,,,,,,,,,,,,,,,,,,,,,0.373,,,,,
32,1.25,2.999966874,4.409983591,6.733892664,6.175184008,3.46317374,4.894649015,1.25,2.671368252,3.640279706,6.754011398,6.040158288,3.41745432,,,,,,,,,,,,,,,,,,,,,,,
33,1.25,3.109076873,4.56641569,6.777195405,6.250171432,3.473141184,5.02718817,,,,,,,,,,,,,,,,,,,,,,,,,,,,,
34,1.25,3.133066557,4.593380486,6.775491341,6.249317559,3.468344794,4.929492403,,,,,,,,,,,,,,,,,,,,,,,,,,,,,
35,1.25,2.597475232,3.544392237,6.789452157,5.983330444,3.379264755,4.966584562,,,,,,,,,,,,,,,,,,,,,,,,,,,,,
36,1.25,2.561014513,3.406738014,6.786431326,5.968172185,3.37048841,4.934698543,,,,,,,,,,,,,,,,,,,,,,,,,,,,,
37,1.25,2.117342481,2.443082529,6.644311214,5.757623439,3.382939331,4.923087881,,,,,,,,,,,,,,,,,,,,,,,,,,,,,
38,1.25,2.181635236,2.517965395,6.771305683,5.897308947,3.384828025,4.974576803,,,,,,,,,,,,,,,,,,,,,,,,,,,,,
39,13.65,2.478618909,3.206811469,6.848794795,6.126711983,3.426527089,4.961046572,13.65,2.415140691,2.945810864,6.767460517,6.019209327,3.387524314,,,,,,,,,,,,,,,,,,,,,,,
40,13.65,2.481875694,2.881249259,6.859461297,6.079538485,3.429473727,4.970723705,,,,,,,,,,,,,,,,,,,,,,,,,,,,,
41,13.65,2.428455416,2.832948287,6.983830608,6.324038574,3.40735433,4.932146968,,,,,,,,,,,,,,,,,,,,,,,,,,,,,
42,13.65,2.371457261,2.775357159,6.734732748,5.93333778,3.40044723,4.924949665,,,,,,,,,,,,,,,,,,,,,,,,,,,,,
43,13.65,2.230560258,2.634760567,6.319682797,5.606145358,3.215982144,4.938074859,,,,,,,,,,,,,,,,,,,,,,,,,,,,,
44,13.65,2.499876605,3.343738443,6.858260854,6.045483782,3.445361364,4.962359478,,,,,,,,,,,,,,,,,,,,,,,,,,,,,
45,24.450001,3.815955579,5.30186259,6.881431103,6.565626333,3.47018002,4.967639427,24.450001,3.140114835,4.111202469,6.881185929,6.348681554,3.454056358,,,,,,,,,,,,,,,,,,,,,,,
46,24.450001,3.755931554,5.098218511,6.88339812,6.595399135,3.470252008,4.886882123,,,,,,,,,,,,,,,,,,,,,,,,,,,,,
47,24.450001,3.696998841,4.972718349,6.82353809,6.496186421,3.462914976,4.924505025,,,,,,,,,,,,,,,,,,,,,,,,,,,,,
48,24.450001,3.669024045,4.917437527,6.804812984,6.459518132,3.470519215,4.975952992,,,,,,,,,,,,,,,,,,,,,,,,,,,,,
49,24.450001,2.438419765,2.725244766,6.900697793,6.109110315,3.424611285,5.007106576,,,,,,,,,,,,,,,,,,,,,,,,,,,,,
50,24.450001,2.77196015,3.707986509,6.942963445,6.24920952,3.449877339,4.966671001,,,,,,,,,,,,,,,,,,,,,,,,,,,,,
51,24.450001,2.48948664,3.200309232,6.875030522,6.099293614,3.44124146,4.923589402,,,,,,,,,,,,,,,,,,,,,,,,,,,,,
52,24.450001,2.483142109,2.965842266,6.937615372,6.215108966,3.442854566,4.990630613,,,,,,,,,,,,,,,,,,,,,,,,,,,,,
53,12.13,3.55392954,5.310455709,6.923217549,6.498348025,3.468008478,4.975086381,12.13,3.070593606,4.096281426,6.886799185,6.303603265,3.047361466,,,,,,,,,,,,,,,,,,,,,,,
54,12.13,3.530260489,4.669469965,6.814267295,6.415795585,3.466493363,4.911452295,,,,,,,,,,,,,,,,,,,,,,,,,,,,,
55,12.13,3.426248535,4.455801665,6.739507471,6.232590813,3.469357106,4.979091978,,,,,,,,,,,,,,,,,,,,,,,,,,,,,
56,12.13,3.64411191,5.439966365,6.948937977,6.547227063,0.556113424,0.801322405,,,,,,,,,,,,,,,,,,,,,,,,,,,,,
57,12.13,2.41145881,2.776303203,6.923634799,6.122847227,3.461122533,4.928120698,,,,,,,,,,,,,,,,,,,,,,,,,,,,,
58,12.13,2.636686152,3.069933556,6.954705142,6.210020892,3.454311914,4.980412874,,,,,,,,,,,,,,,,,,,,,,,,,,,,,
59,12.13,2.291459809,2.952039518,6.903324064,6.098393248,3.45612344,4.968734557,,,,,,,,,,,,,,,,,,,,,,,,,,,,,
60,3.25,3.288171198,4.716132205,6.77345915,6.327811277,3.466083671,4.888883763,3.25,2.775497099,3.689929738,6.771701242,6.147728034,3.432302939,,,,,,,,,,,,,,,,,,,,,,,
61,3.25,3.400185339,4.499914167,6.732345822,6.386044817,3.464592425,5.002391215,,,,,,,,,,,,,,,,,,,,,,,,,,,,,
62,3.25,3.226399156,4.318785676,6.714492572,6.296252351,3.461326524,4.986034606,,,,,,,,,,,,,,,,,,,,,,,,,,,,,
63,3.25,2.295764653,2.984330232,6.780778677,5.937581414,3.406635502,4.944550047,,,,,,,,,,,,,,,,,,,,,,,,,,,,,
64,3.25,2.27445814,2.89913832,6.812479736,5.978368682,3.404169926,4.959997098,,,,,,,,,,,,,,,,,,,,,,,,,,,,,
65,3.25,2.168004105,2.721277827,6.816651498,5.960309664,3.391009586,4.99222161,,,,,,,,,,,,,,,,,,,,,,,,,,,,,
66,27.65,3.732727917,5.688560493,6.854281991,6.475813037,3.471768294,5.036776515,27.65,3.197251547,4.603552847,6.878219054,6.345633603,3.463329291,,,,,,,,,,,,,,,,,,,,,,,
67,27.65,3.728268668,5.571656524,6.808592224,6.447172795,3.465861248,4.918749462,,,,,,,,,,,,,,,,,,,,,,,,,,,,,
68,27.65,3.481886432,5.150403304,6.819232034,6.365222952,3.465670726,4.982184525,,,,,,,,,,,,,,,,,,,,,,,,,,,,,
69,27.65,2.76037648,4.04073791,6.911248601,6.303681501,3.465726977,4.949151299,,,,,,,,,,,,,,,,,,,,,,,,,,,,,
70,27.65,2.948778999,4.226648739,6.93118722,6.333449849,3.462959771,4.969412708,,,,,,,,,,,,,,,,,,,,,,,,,,,,,
71,27.65,2.531470787,2.943310113,6.944772257,6.148461482,3.447988727,5.028707112,,,,,,,,,,,,,,,,,,,,,,,,,,,,,
72,4.8000002,2.976413993,3.888718153,6.613062895,6.181941003,3.463647704,4.989091767,4.8000002,2.643170006,3.475396233,6.710219171,6.064119814,3.434421146,,,,,,,,,,,,,,,,,,,,,,,
73,4.8000002,3.059949743,3.988205061,6.609464446,6.208825468,3.460167218,4.949021961,,,,,,,,,,,,,,,,,,,,,,,,,,,,,
74,4.8000002,3.079172928,4.031184874,6.662836069,6.272020019,3.460440122,4.90069633,,,,,,,,,,,,,,,,,,,,,,,,,,,,,
75,4.8000002,2.305952636,3.219983797,6.793934746,5.930144694,3.412707952,4.995529722,,,,,,,,,,,,,,,,,,,,,,,,,,,,,
76,4.8000002,2.257300116,2.959735827,6.8063839,5.91846311,3.405546192,4.989722403,,,,,,,,,,,,,,,,,,,,,,,,,,,,,
77,4.8000002,2.180230617,2.764549683,6.775632969,5.873324587,3.404017688,5.005286449,,,,,,,,,,,,,,,,,,,,,,,,,,,,,
78,14.13,3.775768857,5.381138158,6.892805303,6.555605129,3.464622722,4.856482216,14.13,3.311807957,4.672786812,6.949011998,6.475037632,3.462460958,,,,,,,,,,,,,,,,,,,,,,,
79,14.13,3.805856813,5.552844503,6.941899281,6.576067345,3.470972124,5.066191686,,,,,,,,,,,,,,,,,,,,,,,,,,,,,
80,14.13,3.640699179,5.458419948,6.918351794,6.488787435,3.466757741,4.966295578,,,,,,,,,,,,,,,,,,,,,,,,,,,,,
81,14.13,3.851988281,5.528520071,6.939185047,6.642996111,3.466251714,5.004994051,,,,,,,,,,,,,,,,,,,,,,,,,,,,,
82,14.13,2.338687088,2.585292544,6.922332878,6.116684454,3.461867644,5.004268686,,,,,,,,,,,,,,,,,,,,,,,,,,,,,
83,14.13,3.005975109,4.29679198,6.993269885,6.502433376,3.460848403,4.970704123,,,,,,,,,,,,,,,,,,,,,,,,,,,,,
84,14.13,2.95991422,4.443085102,6.97310319,6.391551234,3.450979366,4.984936824,,,,,,,,,,,,,,,,,,,,,,,,,,,,,
85,14.13,3.115574113,4.13620219,7.011148609,6.526175973,3.457387951,4.898081884,,,,,,,,,,,,,,,,,,,,,,,,,,,,,
86,33.450001,4.104826901,6.105584729,6.944158815,6.759745876,3.460592426,4.926561147,33.450001,3.570167095,5.191086159,6.949764926,6.532989176,3.46146328,,,,,,,,,,,,,,,,,,,,,,,
87,33.450001,4.057115643,6.237487676,6.950436617,6.642910421,3.466424046,5.008587718,,,,,,,,,,,,,,,,,,,,,,,,,,,,,
88,33.450001,4.022865606,6.197141378,6.968657308,6.669283859,3.463868606,4.933006932,,,,,,,,,,,,,,,,,,,,,,,,,,,,,
89,33.450001,4.072020772,6.255315642,6.980372978,6.714175577,3.463651694,4.93856748,,,,,,,,,,,,,,,,,,,,,,,,,,,,,
90,33.450001,2.915858739,3.704838458,6.918801447,6.296360928,3.459909482,4.911433197,,,,,,,,,,,,,,,,,,,,,,,,,,,,,
91,33.450001,2.98459794,4.187584157,6.972706342,6.361754447,3.452763136,4.973170373,,,,,,,,,,,,,,,,,,,,,,,,,,,,,
92,33.450001,2.833884067,3.649651071,6.913220974,6.286693126,3.463033571,4.964252059,,,,,,,,,,,,,,,,,,,,,,,,,,,,,
93,19.15,3.67979877,5.251582143,6.780453788,6.436479853,3.467565064,4.919194226,19.15,3.056889981,4.187665772,6.859044557,6.284991125,3.463235567,,,,,,,,,,,,,,,,,,,,,,,
94,19.15,3.670112284,5.512135692,6.896105044,6.478433538,3.465463065,4.909036343,,,,,,,,,,,,,,,,,,,,,,,,,,,,,
95,19.15,3.645333467,5.486188436,6.854754873,6.48942947,3.462182566,4.971522396,,,,,,,,,,,,,,,,,,,,,,,,,,,,,
96,19.15,3.295929735,4.775266403,6.749902113,6.236571373,3.464006548,4.922940264,,,,,,,,,,,,,,,,,,,,,,,,,,,,,
97,19.15,2.378458784,2.71224842,6.935838007,6.133226008,3.465157081,4.984336579,,,,,,,,,,,,,,,,,,,,,,,,,,,,,
98,19.15,2.307823668,2.806868518,6.894796251,6.082598759,3.463388638,4.968257251,,,,,,,,,,,,,,,,,,,,,,,,,,,,,
99,19.15,2.42077316,2.769370793,6.901461827,6.13819887,3.454886006,4.971381707,,,,,,,,,,,,,,,,,,,,,,,,,,,,,
100,19.93,2.357076707,2.687659702,6.629095037,5.765238963,3.467812035,4.999278766,19.93,3.23000761,4.380289776,6.833467665,6.281943929,3.469892854,,,,,,,,,,,,,,,,,,,,,,,
101,19.93,3.504142971,4.658955571,6.881101873,6.427348996,3.46558698,5.002598941,,,,,,,,,,,,,,,,,,,,,,,,,,,,,
102,19.93,3.471337699,4.513598437,6.79510286,6.322661251,3.47049073,4.894710279,,,,,,,,,,,,,,,,,,,,,,,,,,,,,
103,19.93,3.819933117,5.882483566,6.922477466,6.53839188,3.470175331,4.992042955,,,,,,,,,,,,,,,,,,,,,,,,,,,,,
104,19.93,3.874866387,5.859497009,6.915610627,6.553697171,3.464183579,4.942329734,,,,,,,,,,,,,,,,,,,,,,,,,,,,,
105,19.93,3.768353495,5.777631964,6.936073128,6.530813301,3.473523225,5.002425891,,,,,,,,,,,,,,,,,,,,,,,,,,,,,
106,19.93,3.351835457,4.493884804,6.763595738,6.253023618,3.46533057,5.02673359,,,,,,,,,,,,,,,,,,,,,,,,,,,,,
107,19.93,3.266080061,4.409423382,6.800719925,6.26752083,3.467555284,4.889215596,,,,,,,,,,,,,,,,,,,,,,,,,,,,,
108,19.93,2.642597415,3.049913148,6.933795797,6.310808696,3.477633067,4.969657228,,,,,,,,,,,,,,,,,,,,,,,,,,,,,
109,19.93,2.24385279,2.469850172,6.757104195,5.849934582,3.476637741,4.979336056,,,,,,,,,,,,,,,,,,,,,,,,,,,,,
110,42.880001,3.794109599,5.115047705,6.896671654,6.533854192,3.462845389,4.827406789,42.880001,3.426126016,4.711123663,6.901747945,6.439886369,3.469102091,,,,,,,,,,,,,,,,,,,,,,,
111,42.880001,3.894046698,5.629747369,6.918254472,6.642493827,3.467289238,4.972814145,,,,,,,,,,,,,,,,,,,,,,,,,,,,,
112,42.880001,3.948901817,5.386077377,6.778236629,6.535060902,3.47362319,4.911873744,,,,,,,,,,,,,,,,,,,,,,,,,,,,,
113,42.880001,3.878908007,5.880704441,6.948319609,6.567737304,3.467146008,5.131629925,,,,,,,,,,,,,,,,,,,,,,,,,,,,,
114,42.880001,2.760862962,3.708948723,6.94503325,6.209040437,3.472155408,4.950949678,,,,,,,,,,,,,,,,,,,,,,,,,,,,,
115,42.880001,2.802626755,3.561711087,6.919334304,6.290757157,3.468822279,4.987091263,,,,,,,,,,,,,,,,,,,,,,,,,,,,,
116,42.880001,2.903426271,3.695628941,6.9063857,6.300260764,3.471833128,4.949283353,,,,,,,,,,,,,,,,,,,,,,,,,,,,,
117,13.73,3.497316883,4.700685754,6.855185185,6.410263843,3.468244645,5.026458454,13.73,3.093137817,4.273806111,6.860581209,6.294396976,3.140902241,,,,,,,,,,,,,,,,,,,,,,,
118,13.73,3.474466127,4.912792904,6.87427623,6.422042374,3.468911739,4.993172704,,,,,,,,,,,,,,,,,,,,,,,,,,,,,
119,13.73,3.415285261,4.667990764,6.765686581,6.31379431,3.468541019,4.906412975,,,,,,,,,,,,,,,,,,,,,,,,,,,,,
120,13.73,3.451844534,4.656230187,6.768946599,6.329499435,3.467732413,4.862532364,,,,,,,,,,,,,,,,,,,,,,,,,,,,,
121,13.73,2.82995024,4.036689944,6.903018542,6.28159156,3.445863335,4.931689963,,,,,,,,,,,,,,,,,,,,,,,,,,,,,
122,13.73,2.765241068,3.928448822,6.837171603,6.091623796,3.457399806,4.898578124,,,,,,,,,,,,,,,,,,,,,,,,,,,,,
123,13.73,2.623925114,3.605633807,6.969858946,6.368538554,0.927286776,1.347440484,,,,,,,,,,,,,,,,,,,,,,,,,,,,,
124,13.73,2.687073307,3.681976708,6.910505985,6.137821939,3.423238198,4.962693323,,,,,,,,,,,,,,,,,,,,,,,,,,,,,
125,26.68,3.22354558,4.650492174,6.828664242,6.288636418,3.468853442,4.990327096,26.68,2.746680074,3.745589902,6.83034496,6.171524042,3.466769565,,,,,,,,,,,,,,,,,,,,,,,
126,26.68,3.16847722,4.519771356,6.824338208,6.26174851,3.468048148,4.854105421,,,,,,,,,,,,,,,,,,,,,,,,,,,,,
127,26.68,2.99947128,4.349283731,6.734407276,6.133393225,3.470742317,5.05218733,,,,,,,,,,,,,,,,,,,,,,,,,,,,,
128,26.68,2.516307861,3.134011834,6.851965998,6.090279497,3.460387598,4.927652417,,,,,,,,,,,,,,,,,,,,,,,,,,,,,
129,26.68,2.414651916,3.344016247,6.87994846,6.117650421,3.463372343,4.960551225,,,,,,,,,,,,,,,,,,,,,,,,,,,,,
130,26.68,2.157626588,2.475964073,6.862745574,6.137436183,3.46921354,4.892970709,,,,,,,,,,,,,,,,,,,,,,,,,,,,,
131,2.45,3.027411219,4.14810478,6.6990041,6.282680109,3.464415362,4.987759804,2.45,2.827633248,3.733291183,6.77743713,6.202981127,3.414527486,,,,,,,,,,,,,,,,,,,,,,,
132,2.45,3.289831895,4.391949158,6.679962717,6.368656838,3.45660668,5.005222595,,,,,,,,,,,,,,,,,,,,,,,,,,,,,
133,2.45,3.158359169,4.242577489,6.705083991,6.317147259,3.467088618,4.89032802,,,,,,,,,,,,,,,,,,,,,,,,,,,,,
134,2.45,3.111877895,4.668313464,6.76271609,6.294216711,3.4621332,4.932464356,,,,,,,,,,,,,,,,,,,,,,,,,,,,,
135,2.45,2.479272921,2.963066225,6.828386952,6.034556104,3.336447016,4.973960563,,,,,,,,,,,,,,,,,,,,,,,,,,,,,
136,2.45,2.369019535,2.787614253,6.890619924,6.075577684,3.367626979,4.925306064,,,,,,,,,,,,,,,,,,,,,,,,,,,,,
137,2.45,2.357660099,2.93141291,6.876286135,6.048033181,3.347374551,4.973804741,,,,,,,,,,,,,,,,,,,,,,,,,,,,,
138,3.2,2.470889021,3.509970263,6.65832158,5.977950061,3.467151345,4.971822307,3.2,2.100824355,2.525550373,6.610139516,5.814784286,3.329394498,,,,,,,,,,,,,,,,,,,,,,,
139,3.2,2.126029248,2.475110134,6.467908152,5.781170027,3.461034515,4.897037593,,,,,,,,,,,,,,,,,,,,,,,,,,,,,
140,3.2,2.211267426,2.598518263,6.50334033,5.80843976,3.464260103,4.938537475,,,,,,,,,,,,,,,,,,,,,,,,,,,,,
141,3.2,2.100531463,2.452251665,6.766105935,5.908250861,3.336960007,5.025861306,,,,,,,,,,,,,,,,,,,,,,,,,,,,,
142,3.2,1.940713187,2.189814725,6.688630697,5.771670512,3.291011699,5.000178645,,,,,,,,,,,,,,,,,,,,,,,,,,,,,
143,3.2,2.102431135,2.450760854,6.747969072,5.899015253,3.306062777,4.969117399,,,,,,,,,,,,,,,,,,,,,,,,,,,,,
144,3.2,1.753909006,2.002426705,6.438700846,5.556993524,2.979281043,4.700280205,,,,,,,,,,,,,,,,,,,,,,,,,,,,,
145,3.8499999,2.836074871,3.496431166,6.583193899,5.968432786,3.466769804,5.024024462,3.8499999,2.671349074,3.386696133,6.732381748,6.039295104,3.428133434,,,,,,,,,,,,,,,,,,,,,,,
146,3.8499999,2.616951424,3.149438174,6.612752161,5.993185083,3.471694885,5.00504853,,,,,,,,,,,,,,,,,,,,,,,,,,,,,
147,3.8499999,2.785577448,3.479398456,6.652249953,6.092471408,3.462083226,4.942756654,,,,,,,,,,,,,,,,,,,,,,,,,,,,,
148,3.8499999,2.760002468,3.417239871,6.635453857,6.086057152,3.466796811,4.970445304,,,,,,,,,Entropy (RF),0.91,0.868,0.81,0.862666667,3,3.114,3.114,,0.778,0.727,0.75,0.751666667,1,0.9,0.826,0.908666667,0.871,0.839,0.806,0.838666667
149,3.8499999,2.474625316,3.173726419,6.882060413,6.016605865,3.374159114,4.975418686,,,,,,,,,Entropy (ENV),0.889,0.859,0.804,0.850666667,4.096,4.112,,3.746,0.778,0.818,0.875,0.823666667,1,0.8,0.609,0.803,0.871,0.806,0.677,0.784666667
150,3.8499999,2.581533387,3.510790072,6.877559129,6.059507116,3.378309618,4.951301202,,,,,,,,,Entropy (LOG),0.897,0.868,0.8201,0.8617,6.78,6.803,,6.83,0.889,0.901,0.875,0.888333333,0.769,0.8,0.696,0.755,0.839,0.839,0.742,0.806666667
151,3.8499999,2.644678603,3.479848776,6.883402827,6.058806317,3.377120584,4.97296751,,,,,,,,,Entropy (DEN),0.885,0.832,0.771,0.829333333,6.225,6.282,,6.347,0.722,0.727,0.625,0.691333333,0.923,0.85,0.913,0.895333333,0.806,0.806,0.839,0.817
152,4.8000002,3.430419681,4.53258756,6.835144379,6.379133913,3.462676413,4.960618583,4.8000002,2.823935959,3.601111425,6.844376945,6.20416293,3.447105423,,,Entropy (CARRIER),0.859,0.978,0.918,0.918333333,3.449,3.461,,3.461,0.833,0.909,0.875,0.872333333,1,0.95,0.87,0.94,0.903,0.935,0.871,0.903
153,4.8000002,3.214908776,4.596773033,6.835414781,6.321443584,3.466454629,4.85376745,,,,,,,,,Entropy (PHASE),0.444,0.627,0.598,0.556333333,4.934,4.946,,4.951,0.833,0.909,0.75,0.830666667,0.308,0.4,0.478,0.395333333,0.613,0.581,0.548,0.580666667
154,4.8000002,3.447717261,4.580601877,6.82228541,6.442697568,3.471675681,4.880033226,,,,,,,,,Entropy (Clinical B-mode),0.722,0.582,0.565,0.623,3.095,3.095,3.095,0.833,0.909,0.875,0.872333333,0.615,0.5,0.434,0.516333333,0.742,0.645,0.548,0.645,
155,4.8000002,2.229448525,2.513866929,6.7703295,5.879725031,3.414529663,4.936017654,,,,,,,,,,,,,,,,,,,,,,,,,,,,,
156,4.8000002,2.21895763,2.464362792,6.832951464,6.003256223,3.435350412,4.935856421,,,,,,,,,,,,,,,,,,,,,,,,,,,,,
157,4.8000002,2.402163882,2.918476361,6.970136137,6.198721258,3.431945741,4.968644838,,,,,,,,,,,,,,,,,,,,,,,,,,,,,
158,31.799999,3.329641121,4.264311493,6.80856243,6.236355312,3.471418371,4.838217453,31.799999,2.818910937,3.47821387,6.830859345,6.131220464,3.466831832,,,,,,,,,,,,,,,,,,,,,,,
159,31.799999,3.260331026,4.137108848,6.694461092,6.164438425,3.471399709,4.888642431,,,,,,,,,,,,,,,,,,,,,,,,,,,,,
160,31.799999,3.006042071,3.700243481,6.818990255,6.180209729,3.468787936,4.882116164,,,,,,,,,,,,,,,,,,,,,,,,,,,,,
161,31.799999,2.94090187,4.263067245,6.82270769,6.174892078,3.467623199,4.918258714,,,,,,,,,,,,,,,,,,,,,,,,,,,,,
162,31.799999,2.593419168,2.982203313,6.938846213,6.162840775,3.463475588,4.961159994,,,,,,,,,,,,,,,,,,,,,,,,,,,,,
163,31.799999,2.539646516,2.907680362,6.906307091,6.117454058,3.452328639,4.917094385,,,,,,,,,,,,,,,,,,,,,,,,,,,,,
164,31.799999,2.4256783,2.755870493,6.826427178,6.01710843,3.475055634,4.92910289,,,,,,,,,,,,,,,,,,,,,,,,,,,,,
165,31.799999,2.455627424,2.815225728,6.830572807,5.996464908,3.464565582,4.968449096,,,,,,,,,,,,,,,,,,,,,,,,,,,,,
166,8.6499996,3.627907469,5.190611679,6.848019931,6.485619632,3.461885124,4.938696689,8.6499996,3.183991734,4.232237334,6.803846701,6.232007837,3.455706721,,,,,,,,,,,,,,,,,,,,,,,
167,8.6499996,3.584809493,5.28635551,6.888275183,6.446481781,3.466768422,4.88238108,,,,,,,,,,,,,,,,,,,,,,,,,,,,,
168,8.6499996,3.665981218,5.560708858,6.907450147,6.496800559,3.46292692,4.969798437,,,,,,,,,,,,,,,,,,,,,,,,,,,,,
169,8.6499996,3.710598394,5.03850149,6.761973623,6.437065169,3.464343392,4.919942289,,,,,,,,,,,,,,,,,,,,,,,,,,,,,
170,8.6499996,2.720323884,3.189707554,6.772387637,5.952888522,3.426003429,4.966916506,,,,,,,,,,,,,,,,,,,,,,,,,,,,,
171,8.6499996,2.704740063,3.183046338,6.721154525,5.928833366,3.454260765,4.927121441,,,,,,,,,,,,,,,,,,,,,,,,,,,,,
172,8.6499996,2.647467202,3.082794757,6.707571071,6.008076809,3.443707182,4.950497509,,,,,,,,,,,,,,,,,,,,,,,,,,,,,
173,8.6499996,2.81010615,3.326172484,6.823941492,6.100296857,3.465758533,4.953995312,,,,,,,,,,,,,,,,,,,,,,,,,,,,,
174,23.129999,3.745180148,5.334686628,6.98786867,6.582863429,3.468117864,4.918908423,23.129999,3.416897642,4.817259058,6.971421175,6.460004416,3.463570115,,,,,,,,,,,,,,,,,,,,,,,
175,23.129999,3.772968809,5.564890373,6.985342941,6.578902589,3.467856188,5.022930825,,,,,,,,,,,,,,,,,,,,,,,,,,,,,
176,23.129999,3.848153148,5.629775403,6.904391051,6.548060264,3.469995548,4.951416207,,,,,,,,,,,,,,,,,,,,,,,,,,,,,
177,23.129999,3.72631147,5.646177657,7.001984501,6.571436184,3.464917716,4.918264696,,,,,,,,,,,,,,,,,,,,,,,,,,,,,
178,23.129999,3.71923323,5.630069355,7.000086731,6.564320836,3.464995339,4.882107704,,,,,,,,,,,,,,,,,,,,,,,,,,,,,
179,23.129999,3.651791954,5.455396477,6.977615493,6.547383357,3.46787078,4.951742288,,,,,,,,,,,,,,,,,,,,,,,,,,,,,
180,23.129999,2.818005163,3.425505014,6.961525414,6.264869391,3.455755841,4.967563202,,,,,,,,,,,,,,,,,,,,,,,,,,,,,
181,23.129999,2.731725081,3.248374457,6.958382878,6.228688528,3.457713114,4.96922543,,,,,,,,,,,,,,,,,,,,,,,,,,,,,
182,23.129999,2.738709775,3.420456159,6.965592896,6.253515165,3.454908645,5.062951451,,,,,,,,,,,,,,,,,,,,,,,,,,,,,
183,3.3,2.403920408,2.826892536,6.472799641,5.783745646,3.46537011,4.909707596,3.3,2.42209814,2.936162469,6.71452346,5.932251295,3.290725829,,,,,,,,,,,,,,,,,,,,,,,
184,3.3,2.4310066,2.81129037,6.559900413,5.865334985,3.469597449,4.951363647,,,,,,,,,,,,,,,,,,,,,,,,,,,,,
185,3.3,3.30267114,4.931011091,6.886192204,6.365119491,3.468555568,4.993370906,,,,,,,,,,,,,,,,,,,,,,,,,,,,,
186,3.3,2.752451674,3.647232196,6.664963486,6.053205941,3.46450834,4.931710566,,,,,,,,,,,,,,,,,,,,,,,,,,,,,
187,3.3,2.05984333,2.276394968,6.609267646,5.687713291,3.350441995,4.935654589,,,,,,,,,,,,,,,,,,,,,,,,,,,,,
188,3.3,2.215794012,2.412549162,6.93134537,6.021050861,3.399177635,4.953550758,,,,,,,,,,,,,,,,,,,,,,,,,,,,,
189,3.3,2.110392475,2.299569847,6.772128058,5.811776944,3.380050118,5.010998684,,,,,,,,,,,,,,,,,,,,,,,,,,,,,
190,3.3,2.100705478,2.284359582,6.819590863,5.870063198,2.328105415,3.44418175,,,,,,,,,,,,,,,,,,,,,,,,,,,,,
191,13.25,2.900118111,3.586595468,6.715490638,6.08221625,3.468567202,4.842046882,13.25,2.808461622,3.456568029,6.723044548,6.057546853,3.448823083,,,,,,,,,,,,,,,,,,,,,,,
192,13.25,2.883100552,3.573946632,6.745730443,6.122228204,3.467296941,4.9454213,,,,,,,,,,,,,,,,,,,,,,,,,,,,,
193,13.25,3.020729846,3.81303161,6.699553568,6.164788363,3.465770637,4.94869778,,,,,,,,,,,,,,,,,,,,,,,,,,,,,
194,13.25,2.931539669,3.673413624,6.657523408,6.079462822,3.4621085,4.966137995,,,,,,,,,,,,,,,,,,,,,,,,,,,,,
195,13.25,2.485353466,3.00997579,6.627378288,5.860126489,3.415572745,4.974843875,,,,,,,,,,,,,,,,,,,,,,,,,,,,,
196,13.25,2.673807185,3.185533225,6.824088533,6.056020671,3.436401812,4.921583243,,,,,,,,,,,,,,,,,,,,,,,,,,,,,
197,13.25,2.764582527,3.353479853,6.79154696,6.037985172,3.426043745,4.940623134,,,,,,,,,,,,,,,,,,,,,,,,,,,,,
198,4.8800001,3.304421819,4.325088951,6.635989259,6.218756634,3.461913301,4.974438962,4.8800001,2.930879983,3.926232188,6.829625016,6.234356804,3.448606853,,,,,,,,,,,,,,,,,,,,,,,
199,4.8800001,3.625922775,5.398353728,6.914701521,6.49305818,3.467509013,4.880497456,,,,,,,,,,,,,,,,,,,,,,,,,,,,,
200,4.8800001,3.565841565,4.770014109,6.763063098,6.437273599,3.465162753,4.926101059,,,,,,,,,,,,,,,,,,,,,,,,,,,,,
201,4.8800001,3.406482539,5.130818059,6.948521719,6.465813485,3.462513569,4.931022076,,,,,,,,,,,,,,,,,,,,,,,,,,,,,
202,4.8800001,3.353692195,4.544803092,6.741644367,6.335234693,3.46640878,5.052578843,,,,,,,,,,,,,,,,,,,,,,,,,,,,,
203,4.8800001,2.065657798,2.254910073,6.859092104,6.002638457,3.437590928,4.964848052,,,,,,,,,,,,,,,,,,,,,,,,,,,,,
204,4.8800001,2.385491565,2.964725638,6.882406368,6.127790357,3.432251119,4.918343314,,,,,,,,,,,,,,,,,,,,,,,,,,,,,
205,4.8800001,2.269902684,2.792085427,6.840954376,5.992307883,3.42540632,4.999537315,,,,,,,,,,,,,,,,,,,,,,,,,,,,,
206,4.8800001,2.400506911,3.155290617,6.880252336,6.036337945,3.418705893,4.982303572,,,,,,,,,,,,,,,,,,,,,,,,,,,,,
207,17.58,2.749216177,3.739109888,6.971409719,6.20073878,3.450064888,4.98190851,17.58,3.254963383,4.329453237,6.90236019,6.398022665,3.460998331,,,,,,,,,,,,,,,,,,,,,,,
208,17.58,3.799184293,5.300234946,6.88277578,6.580145048,3.461790936,4.936462477,,,,,,,,,,,,,,,,,,,,,,,,,,,,,
209,17.58,3.6298785,5.177456136,6.90162407,6.526807896,3.463756993,4.911422308,,,,,,,,,,,,,,,,,,,,,,,,,,,,,
210,17.58,3.60644975,4.872900994,6.83971316,6.495134181,3.460928861,4.957260207,,,,,,,,,,,,,,,,,,,,,,,,,,,,,
211,17.58,3.534720707,4.714430331,6.876235345,6.517423238,3.464354759,5.040223706,,,,,,,,,,,,,,,,,,,,,,,,,,,,,
212,17.58,3.546024904,4.729715628,6.808301547,6.433675556,3.464817721,4.904340678,,,,,,,,,,,,,,,,,,,,,,,,,,,,,
213,17.58,3.537313712,4.748070245,6.806178533,6.485201444,3.464953189,4.880683014,,,,,,,,,,,,,,,,,,,,,,,,,,,,,
214,17.58,2.64172241,3.141828271,6.974131404,6.206739752,3.462557597,5.008563244,,,,,,,,,,,,,,,,,,,,,,,,,,,,,
215,17.58,2.769451822,3.622737495,6.993203225,6.312095212,3.457115587,4.996872728,,,,,,,,,,,,,,,,,,,,,,,,,,,,,
216,17.58,2.735671553,3.248048435,6.970029116,6.222265546,3.459642782,4.994775991,,,,,,,,,,,,,,,,,,,,,,,,,,,,,
217,3.6500001,2.750656556,3.38426937,6.616633494,6.049815656,3.466558774,4.842570483,3.6500001,2.19940504,2.785822953,6.619080393,5.832179831,3.083017725,,,,,,,,,,,,,,,,,,,,,,,
218,3.6500001,2.61508856,3.716879255,6.667223241,5.98329317,3.46243496,4.96966984,,,,,,,,,,,,,,,,,,,,,,,,,,,,,
219,3.6500001,2.598257541,3.608055458,6.668023335,5.993199417,3.458930036,4.887999025,,,,,,,,,,,,,,,,,,,,,,,,,,,,,
220,3.6500001,2.572935345,3.618564638,6.644913889,5.949378641,3.463281793,4.952610439,,,,,,,,,,,,,,,,,,,,,,,,,,,,,
221,3.6500001,1.717355284,1.973452815,6.246056647,5.473782119,3.013421359,4.903853139,,,,,,,,,,,,,,,,,,,,,,,,,,,,,
222,3.6500001,1.473726786,1.721560955,6.327759197,5.415848764,2.956739646,4.981943453,,,,,,,,,,,,,,,,,,,,,,,,,,,,,
223,3.6500001,2.014192303,2.240687107,6.748152937,5.839897077,3.380517408,4.958828902,,,,,,,,,,,,,,,,,,,,,,,,,,,,,
224,3.6500001,1.963921886,2.485004226,6.838679218,5.886779187,3.40511496,4.907722165,,,,,,,,,,,,,,,,,,,,,,,,,,,,,
225,3.6500001,2.088511102,2.323932756,6.81428158,5.897624444,1.140160587,1.665564969,,,,,,,,,,,,,,,,,,,,,,,,,,,,,